{
  "Prefix": ".",
  "Authoken": "uf33460a83a2b80fded7939be0da69ead:aWF0OiAxNjA4MTgzMjQ1ODg5Cg==..weFICvRHM2/6JM1FJiDRVGxUVMQ=",
  "Status": {
    "Owner": "u17db004d0e28194d62093e903eb84468",
    "AssistToken": [],
    "Ajs": [],
    "Adminlist": [],
    "Stafflist": [],
    "Blacklist": [],
    "Staybot": {}
  },
  "Settings": {
    "Pro-groupurl": {},
    "Pro-groupinvite": {},
    "Pro-groupname": {},
    "Pro-groupmention": {},
    "Pro-groupmember": {},
    "Pro-groupjoin": {},
    "Auto-killban": 0,
    "Auto-stabil": 1,
    "Temp-groupname": {},
    "Temp-header": "            Unix Bot",
    "Temp-respon-message": "aloo􀨂􀄅waving hands􏿿",
    "Temp-unban-message": "%v enemies cleared",
    "Temp-leave-message": "ok, i'm out",
    "Temp-welcome-message": "welcome",
    "Temp-sticker-respon": {
      "stkid": "0",
      "stkpkgid": "0"
    },
    "Temp-sticker-leave": {
      "stkid": "0",
      "stkpkgid": "0"
    },
    "Temp-sticker-unban": {
      "stkid": "0",
      "stkpkgid": "0"
    }
  }
}
